{"69": 0.0017041581458759373, "71": 0.23006134969325154, "73": 0.6083844580777096, "75": 0.15985003408316292}